hash,time,btc,usd
5de2b7248d3bf2c5246edc9044a5fd9a31e64385e3b2cb6a691c550ce5e61cab,09:54,39.69563188,$721.75
d784d5d38d5093b5fbcc803806cfe25bfa2ab00fba33754e9bdcb0d1de6ecc7e,09:54,54.85701619,"$2,093,212.08"
ebe59a240b6144cf3594da7a2d17f8fa26a6b06409ff3f5fe6cdc74f50d32c72,09:55,4.51207918,"$16,362.90"
