hash,time,btc,usd
f83b58aa1d3bed41381471c73baa12443aaaa20ce114248cfb70d327c2da80d8,09:50,21.99986294,"$80,297.81"
15215ddadf3727906fe49d074db5378668a1bc327483b89e2a76186317362f9b,09:51,78.71780613,"$1,552.87"
12c9a2be9e4b423363855ec7601c92cd9c360fac385321427d294bd8afcc1732,09:51,92.50606217,"$33,906.45"
