hash,time,btc,usd
6e35ca441ffbca8433a6b9f946fa78bb59879023059d16154629642b1d8dade9,09:43,70.16394564,"$2,086.81"
8a3f8b9286860ef60529eca9a39e9276a31bad53a969c4f3814bc2b79141dd79,09:44,41.81469528,$196.77
a5fee92866248d0ba316913e535083fb820841c36f9da2e4f48f4cabde9f8aca,09:44,569.88120271,"$102,680.29"
e557ce9afef91e6dcc7a275758930a2c9e8b59038b06e2ea0fbb48f1a02a1720,09:45,188.59589722,$374.19
ab983f5075eb7d875cb67b8f29c3b653a8389652d761734a086121dafc2395ad,09:45,192.29724503,$20.51
