hash,time,btc,usd
26625a47d8d65445dcd7203d9b800bd0301fcf27ad712c987d2a86e360d1b6e1,09:19,102.29009034,"$20,522.80"
26625a47d8d65445dcd7203d9b800bd0301fcf27ad712c987d2a86e360d1b6e1,09:19,102.29009034,"$20,522.80"
26625a47d8d65445dcd7203d9b800bd0301fcf27ad712c987d2a86e360d1b6e1,09:19,102.29009034,"$20,522.80"
26625a47d8d65445dcd7203d9b800bd0301fcf27ad712c987d2a86e360d1b6e1,09:19,102.29009034,"$20,522.80"
26625a47d8d65445dcd7203d9b800bd0301fcf27ad712c987d2a86e360d1b6e1,09:19,102.29009034,"$20,522.80"
26625a47d8d65445dcd7203d9b800bd0301fcf27ad712c987d2a86e360d1b6e1,09:19,102.29009034,"$20,522.80"
