hash,time,btc,usd
59ed76a21ad54e5c8d1ba65bedbd11b70fcda8098b64499edf1590f4eabcc4fa,00:33,13.1353462,"$496,663.20"
f236d569ff909b937f514dbce343d2efd24a00c9e6279c224377fe4e6dbb347c,00:33,15.44824569,"$584,116.71"
